Workbook

Sheet Runs
A1: Experiment Tracker — X1 / X2 (EfficientNet-B5) · เครื่อง 29 (RTX 2080 Ti ×2, env AI tf 2.6.2) · อัปเดต 2026-10-06 10:50
A2: ช่องสีเหลือง = กรอก/อัปเดตเอง (ดูค่าจาก: bash experiments/status.sh) · Status เลือกจาก dropdown · Progress และ Lab/Field ดึงอัตโนมัติจาก sheet Results
A4: ID | B4: Group | C4: Model | D4: Seed | E4: Stage / ค่า | F4: GPU | G4: Screen | H4: Status | I4: R1 ep done | J4: R1 ep total | K4: R2 ep done | L4: R2 ep total | M4: Progress | N4: Last val_acc | O4: Lab acc | P4: Field acc | Q4: Start | R4: End | S4: Notes
A5: P1 | B5: C2 pretrain | C5: C2 | E5: mini-ImageNet R1 FC · lr 1e-5 · bs 16 · เครื่อง 28 (3090 Ti) | F5: 1 | G5: c2_pretrain (m28) | H5: กำลังรัน | I5: 70 | J5: 200 | K5: 0 | L5: 0 | M5: =IFERROR((I5+K5)/(J5+L5),"") | N5: 0.8282 | O5: =IF(D5="","",IFERROR(1/(1/INDEX(Results!$D$5:$D$50,MATCH(1,INDEX((Results!$A$5:$A$50=C5)*(Results!$B$5:$B$50=D5)*(Results!$C$5:$C$50="lab"),0),0))),"")) | P5: =IF(D5="","",IFERROR(1/(1/INDEX(Results!$D$5:$D$50,MATCH(1,INDEX((Results!$A$5:$A$50=C5)*(Results!$B$5:$B$50=D5)*(Results!$C$5:$C$50="field"),0),0))),"")) | Q5: 2026-10-02 15:49 | S5: 10-06 10:41: ep 70/200 (~57 นาที/ep) → R1 ≈ 11 ต.ค.
A6: P2 | B6: C2 pretrain | C6: C2 | E6: mini-ImageNet R2 unfreeze B4-B7 · lr 1e-6 · bs 16 · เครื่อง 28 | F6: 1 | G6: c2_pretrain (m28) | H6: ยังไม่เริ่ม | I6: 0 | J6: 50 | K6: 0 | L6: 0 | M6: =IFERROR((I6+K6)/(J6+L6),"") | O6: =IF(D6="","",IFERROR(1/(1/INDEX(Results!$D$5:$D$50,MATCH(1,INDEX((Results!$A$5:$A$50=C6)*(Results!$B$5:$B$50=D6)*(Results!$C$5:$C$50="lab"),0),0))),"")) | P6: =IF(D6="","",IFERROR(1/(1/INDEX(Results!$D$5:$D$50,MATCH(1,INDEX((Results!$A$5:$A$50=C6)*(Results!$B$5:$B$50=D6)*(Results!$C$5:$C$50="field"),0),0))),"")) | S6: ต่อจาก P1 อัตโนมัติ · เสร็จแล้ว copy โมเดลไปเครื่อง 29
A7: U1 | B7: X2 | C7: unlearned | D7: 1 | E7: โมเดลใน paper (train.py) | H7: เสร็จ | I7: 200 | J7: 200 | K7: 200 | L7: 200 | M7: =IFERROR((I7+K7)/(J7+L7),"") | O7: =IF(D7="","",IFERROR(1/(1/INDEX(Results!$D$5:$D$50,MATCH(1,INDEX((Results!$A$5:$A$50=C7)*(Results!$B$5:$B$50=D7)*(Results!$C$5:$C$50="lab"),0),0))),"")) | P7: =IF(D7="","",IFERROR(1/(1/INDEX(Results!$D$5:$D$50,MATCH(1,INDEX((Results!$A$5:$A$50=C7)*(Results!$B$5:$B$50=D7)*(Results!$C$5:$C$50="field"),0),0))),"")) | S7: ผล evaluate ตรง Table 3/4
A8: O1 | B8: X2 | C8: original | D8: 1 | E8: USAI R1 FC → R2 Block5a-B7 · bs 8 · efn | F8: 0 | G8: original | H8: เสร็จ | I8: 200 | J8: 200 | K8: 200 | L8: 200 | M8: =IFERROR((I8+K8)/(J8+L8),"") | N8: 0.8811 | O8: =IF(D8="","",IFERROR(1/(1/INDEX(Results!$D$5:$D$50,MATCH(1,INDEX((Results!$A$5:$A$50=C8)*(Results!$B$5:$B$50=D8)*(Results!$C$5:$C$50="lab"),0),0))),"")) | P8: =IF(D8="","",IFERROR(1/(1/INDEX(Results!$D$5:$D$50,MATCH(1,INDEX((Results!$A$5:$A$50=C8)*(Results!$B$5:$B$50=D8)*(Results!$C$5:$C$50="field"),0),0))),"")) | Q8: 2026-10-01 16:43 | R8: 2026-10-02 | S8: R2 val 0.8811 · กำลัง evaluate (CPU, screen eval_o1)
A9: O2 | B9: X2 | C9: original | D9: 2 | E9: USAI R1 FC → R2 Block5a-B7 · bs 8 · efn | F9: 0 | G9: original | H9: เสร็จ | I9: 200 | J9: 200 | K9: 200 | L9: 200 | M9: =IFERROR((I9+K9)/(J9+L9),"") | N9: 0.875 | O9: =IF(D9="","",IFERROR(1/(1/INDEX(Results!$D$5:$D$50,MATCH(1,INDEX((Results!$A$5:$A$50=C9)*(Results!$B$5:$B$50=D9)*(Results!$C$5:$C$50="lab"),0),0))),"")) | P9: =IF(D9="","",IFERROR(1/(1/INDEX(Results!$D$5:$D$50,MATCH(1,INDEX((Results!$A$5:$A$50=C9)*(Results!$B$5:$B$50=D9)*(Results!$C$5:$C$50="field"),0),0))),"")) | Q9: 2026-10-02 | R9: 2026-10-04 | S9: R2 val 0.875 · evaluate (CPU, screen eval_o2)
A10: O3 | B10: X2 | C10: original | D10: 3 | E10: USAI R1 FC → R2 Block5a-B7 · bs 8 · efn | F10: 0 | G10: run_gpu0 | H10: เสร็จ | I10: 200 | J10: 200 | K10: 200 | L10: 200 | M10: =IFERROR((I10+K10)/(J10+L10),"") | N10: 0.8811 | O10: =IF(D10="","",IFERROR(1/(1/INDEX(Results!$D$5:$D$50,MATCH(1,INDEX((Results!$A$5:$A$50=C10)*(Results!$B$5:$B$50=D10)*(Results!$C$5:$C$50="lab"),0),0))),"")) | P10: =IF(D10="","",IFERROR(1/(1/INDEX(Results!$D$5:$D$50,MATCH(1,INDEX((Results!$A$5:$A$50=C10)*(Results!$B$5:$B$50=D10)*(Results!$C$5:$C$50="field"),0),0))),"")) | Q10: 2026-10-04 | R10: 2026-10-06 | S10: R1 resume หลังไฟดับ
A11: U2 | B11: X2 | C11: unlearned | D11: 2 | E11: unlearn B4-B7 ep50 → USAI R1 → R2 Block5a-B7 · เครื่อง 28 GPU 0 | F11: 0 | G11: unlearned (m28) | H11: เสร็จ | I11: 200 | J11: 200 | K11: 200 | L11: 200 | M11: =IFERROR((I11+K11)/(J11+L11),"") | N11: 0.8948 | O11: =IF(D11="","",IFERROR(1/(1/INDEX(Results!$D$5:$D$50,MATCH(1,INDEX((Results!$A$5:$A$50=C11)*(Results!$B$5:$B$50=D11)*(Results!$C$5:$C$50="lab"),0),0))),"")) | P11: =IF(D11="","",IFERROR(1/(1/INDEX(Results!$D$5:$D$50,MATCH(1,INDEX((Results!$A$5:$A$50=C11)*(Results!$B$5:$B$50=D11)*(Results!$C$5:$C$50="field"),0),0))),"")) | Q11: 2026-10-03 15:52 | R11: 2026-10-06 | S11: R2 resume หลังไฟดับ · evaluate บน m29 (copy โมเดล md5 ตรง)
A12: U3 | B12: X2 | C12: unlearned | D12: 3 | E12: unlearn B4-B7 ep50 → USAI R1 → R2 Block5a-B7 · เครื่อง 28 GPU 0 | F12: 0 | G12: unlearned (m28) | H12: กำลังรัน | I12: 173 | J12: 200 | K12: 0 | L12: 200 | M12: =IFERROR((I12+K12)/(J12+L12),"") | N12: 0.657 | O12: =IF(D12="","",IFERROR(1/(1/INDEX(Results!$D$5:$D$50,MATCH(1,INDEX((Results!$A$5:$A$50=C12)*(Results!$B$5:$B$50=D12)*(Results!$C$5:$C$50="lab"),0),0))),"")) | P12: =IF(D12="","",IFERROR(1/(1/INDEX(Results!$D$5:$D$50,MATCH(1,INDEX((Results!$A$5:$A$50=C12)*(Results!$B$5:$B$50=D12)*(Results!$C$5:$C$50="field"),0),0))),"")) | Q12: 2026-10-06 | S12: คาดเสร็จ ~7 ต.ค.
A13: C1-1 | B13: X1 C1 | C13: C1 | D13: 1 | E13: original pipeline, R2 = 600 ep (compute-matched, capped) | F13: 0 | G13: queue_gpu0 (m29) | H13: กำลังรัน | I13: 0 | J13: 200 | K13: 0 | L13: 600 | M13: =IFERROR((I13+K13)/(J13+L13),"") | O13: =IF(D13="","",IFERROR(1/(1/INDEX(Results!$D$5:$D$50,MATCH(1,INDEX((Results!$A$5:$A$50=C13)*(Results!$B$5:$B$50=D13)*(Results!$C$5:$C$50="lab"),0),0))),"")) | P13: =IF(D13="","",IFERROR(1/(1/INDEX(Results!$D$5:$D$50,MATCH(1,INDEX((Results!$A$5:$A$50=C13)*(Results!$B$5:$B$50=D13)*(Results!$C$5:$C$50="field"),0),0))),"")) | Q13: 2026-10-06 10:46 | S13: queue m29 GPU 0 · ~2.3 วัน/seed · eval อัตโนมัติ
A14: C1-2 | B14: X1 C1 | C14: C1 | D14: 2 | E14: original pipeline, R2 = 600 ep (compute-matched, capped) | F14: 0 | G14: queue_gpu0 (m29) | H14: ยังไม่เริ่ม | I14: 0 | J14: 200 | K14: 0 | L14: 600 | M14: =IFERROR((I14+K14)/(J14+L14),"") | O14: =IF(D14="","",IFERROR(1/(1/INDEX(Results!$D$5:$D$50,MATCH(1,INDEX((Results!$A$5:$A$50=C14)*(Results!$B$5:$B$50=D14)*(Results!$C$5:$C$50="lab"),0),0))),"")) | P14: =IF(D14="","",IFERROR(1/(1/INDEX(Results!$D$5:$D$50,MATCH(1,INDEX((Results!$A$5:$A$50=C14)*(Results!$B$5:$B$50=D14)*(Results!$C$5:$C$50="field"),0),0))),"")) | S14: queue m29 GPU 0 · ~2.3 วัน/seed · eval อัตโนมัติ
A15: C1-3 | B15: X1 C1 | C15: C1 | D15: 3 | E15: original pipeline, R2 = 600 ep (compute-matched, capped) | F15: 0 | G15: queue_gpu0 (m29) | H15: ยังไม่เริ่ม | I15: 0 | J15: 200 | K15: 0 | L15: 600 | M15: =IFERROR((I15+K15)/(J15+L15),"") | O15: =IF(D15="","",IFERROR(1/(1/INDEX(Results!$D$5:$D$50,MATCH(1,INDEX((Results!$A$5:$A$50=C15)*(Results!$B$5:$B$50=D15)*(Results!$C$5:$C$50="lab"),0),0))),"")) | P15: =IF(D15="","",IFERROR(1/(1/INDEX(Results!$D$5:$D$50,MATCH(1,INDEX((Results!$A$5:$A$50=C15)*(Results!$B$5:$B$50=D15)*(Results!$C$5:$C$50="field"),0),0))),"")) | S15: queue m29 GPU 0 · ~2.3 วัน/seed · eval อัตโนมัติ
A16: C2-1 | B16: X1 C2 | C16: C2 | D16: 1 | E16: C2 pretrain → USAI R1 → R2 Block5a-B7 | H16: ยังไม่เริ่ม | I16: 0 | J16: 200 | K16: 0 | L16: 200 | M16: =IFERROR((I16+K16)/(J16+L16),"") | O16: =IF(D16="","",IFERROR(1/(1/INDEX(Results!$D$5:$D$50,MATCH(1,INDEX((Results!$A$5:$A$50=C16)*(Results!$B$5:$B$50=D16)*(Results!$C$5:$C$50="lab"),0),0))),"")) | P16: =IF(D16="","",IFERROR(1/(1/INDEX(Results!$D$5:$D$50,MATCH(1,INDEX((Results!$A$5:$A$50=C16)*(Results!$B$5:$B$50=D16)*(Results!$C$5:$C$50="field"),0),0))),"")) | S16: ต้องรอ P2
A17: C2-2 | B17: X1 C2 | C17: C2 | D17: 2 | E17: C2 pretrain → USAI R1 → R2 Block5a-B7 | H17: ยังไม่เริ่ม | I17: 0 | J17: 200 | K17: 0 | L17: 200 | M17: =IFERROR((I17+K17)/(J17+L17),"") | O17: =IF(D17="","",IFERROR(1/(1/INDEX(Results!$D$5:$D$50,MATCH(1,INDEX((Results!$A$5:$A$50=C17)*(Results!$B$5:$B$50=D17)*(Results!$C$5:$C$50="lab"),0),0))),"")) | P17: =IF(D17="","",IFERROR(1/(1/INDEX(Results!$D$5:$D$50,MATCH(1,INDEX((Results!$A$5:$A$50=C17)*(Results!$B$5:$B$50=D17)*(Results!$C$5:$C$50="field"),0),0))),"")) | S17: ต้องรอ P2
A18: C2-3 | B18: X1 C2 | C18: C2 | D18: 3 | E18: C2 pretrain → USAI R1 → R2 Block5a-B7 | H18: ยังไม่เริ่ม | I18: 0 | J18: 200 | K18: 0 | L18: 200 | M18: =IFERROR((I18+K18)/(J18+L18),"") | O18: =IF(D18="","",IFERROR(1/(1/INDEX(Results!$D$5:$D$50,MATCH(1,INDEX((Results!$A$5:$A$50=C18)*(Results!$B$5:$B$50=D18)*(Results!$C$5:$C$50="lab"),0),0))),"")) | P18: =IF(D18="","",IFERROR(1/(1/INDEX(Results!$D$5:$D$50,MATCH(1,INDEX((Results!$A$5:$A$50=C18)*(Results!$B$5:$B$50=D18)*(Results!$C$5:$C$50="field"),0),0))),"")) | S18: ต้องรอ P2
A19: S1 | B19: Smoke test | C19: original | D19: 99 | E19: R1 2 ep → R2 3 ep (เช็ค bug backbone: R2 val_acc ต้อง > 0.65) | F19: 1 | G19: smoke | H19: เสร็จ | I19: 2 | J19: 2 | K19: 3 | L19: 3 | M19: =IFERROR((I19+K19)/(J19+L19),"") | N19: 0.6921 | O19: =IF(D19="","",IFERROR(1/(1/INDEX(Results!$D$5:$D$50,MATCH(1,INDEX((Results!$A$5:$A$50=C19)*(Results!$B$5:$B$50=D19)*(Results!$C$5:$C$50="lab"),0),0))),"")) | P19: =IF(D19="","",IFERROR(1/(1/INDEX(Results!$D$5:$D$50,MATCH(1,INDEX((Results!$A$5:$A$50=C19)*(Results!$B$5:$B$50=D19)*(Results!$C$5:$C$50="field"),0),0))),"")) | Q19: 2026-10-01 16:55 | R19: 2026-10-01 | S19: R1 0.654 → R2 0.692 > 0.654 ✓ แก้ backbone สำเร็จ · ไม่นับเป็นผล
A21: สรุปสถานะ (ไม่นับ smoke test)
A22: ยังไม่เริ่ม | B22: =COUNTIFS($H$5:$H$18,A22)
A23: กำลังรัน | B23: =COUNTIFS($H$5:$H$18,A23)
A24: เสร็จ | B24: =COUNTIFS($H$5:$H$18,A24)
A25: ล้มเหลว | B25: =COUNTIFS($H$5:$H$18,A25)
A26: รอตัดสินใจ | B26: =COUNTIFS($H$5:$H$18,A26)
A27: รวม | B27: =SUM(B22:B26)

Sheet Results
A1: ผล evaluate รายรอบ (จาก results_seeds.csv ที่ run_eval.sh สร้าง) + สรุป mean ± SD
A2: กรอกผลรอบใหม่ในตารางบน (ช่องเหลือง) — ตารางสรุปด้านล่างคำนวณเอง · paired t-test ใช้ experiments/seed_stats.py · ตัวอย่างรูปแบบ: แถว unlearned seed 1 (ผลจริงของโมเดลใน paper)
A4: model | B4: seed | C4: testset | D4: accuracy | E4: macro_precision | F4: macro_recall | G4: macro_f1 | H4: balanced_accuracy | I4: หมายเหตุ
A5: unlearned | B5: 1 | C5: lab | D5: 0.8864 | E5: 0.8263 | F5: 0.7101 | G5: 0.7553 | H5: 0.7101 | I5: โมเดลใน paper (PAPER_UNLEARNED_H5)
A6: unlearned | B6: 1 | C6: field | D6: 0.8488 | E6: 0.2118 | F6: 0.2076 | G6: 0.174 | H6: 0.2699 | I6: โมเดลใน paper (PAPER_UNLEARNED_H5)
A7: original | B7: 1 | C7: lab
A8: original | B8: 1 | C8: field
A9: original | B9: 2 | C9: lab
A10: original | B10: 2 | C10: field
A11: original | B11: 3 | C11: lab
A12: original | B12: 3 | C12: field
A13: unlearned | B13: 2 | C13: lab
A14: unlearned | B14: 2 | C14: field
A15: unlearned | B15: 3 | C15: lab
A16: unlearned | B16: 3 | C16: field
A17: C1 | B17: 1 | C17: lab
A18: C1 | B18: 1 | C18: field
... A28: C2 | B28: 3 | C28: field
A52: สรุปข้าม seeds
A53: model | B53: testset | C53: n seeds | D53: acc mean | E53: acc SD | F53: F1 mean | G53: F1 SD | H53: Δacc (unlearned − model) | I53: ΔF1 (unlearned − model)
A54: unlearned | B54: lab | C54: =COUNTIFS($A$5:$A$50,A54,$C$5:$C$50,B54,$D$5:$D$50,"<>") | D54: =IF(C54=0,"",AVERAGEIFS($D$5:$D$50,$A$5:$A$50,A54,$C$5:$C$50,B54)) | E54: =IF(C54<2,"",SQRT(SUMPRODUCT(($A$5:$A$50=A54)*($C$5:$C$50=B54)*($D$5:$D$50<>"")*(($D$5:$D$50-D54)^2))/(C54-1))) | F54: =IF(C54=0,"",AVERAGEIFS($G$5:$G$50,$A$5:$A$50,A54,$C$5:$C$50,B54)) | G54: =IF(C54<2,"",SQRT(SUMPRODUCT(($A$5:$A$50=A54)*($C$5:$C$50=B54)*($G$5:$G$50<>"")*(($G$5:$G$50-F54)^2))/(C54-1))) | H54: (ref) | I54: (ref)
A55: original | B55: lab | C55: =COUNTIFS($A$5:$A$50,A55,$C$5:$C$50,B55,$D$5:$D$50,"<>") | D55: =IF(C55=0,"",AVERAGEIFS($D$5:$D$50,$A$5:$A$50,A55,$C$5:$C$50,B55)) | E55: =IF(C55<2,"",SQRT(SUMPRODUCT(($A$5:$A$50=A55)*($C$5:$C$50=B55)*($D$5:$D$50<>"")*(($D$5:$D$50-D55)^2))/(C55-1))) | F55: =IF(C55=0,"",AVERAGEIFS($G$5:$G$50,$A$5:$A$50,A55,$C$5:$C$50,B55)) | G55: =IF(C55<2,"",SQRT(SUMPRODUCT(($A$5:$A$50=A55)*($C$5:$C$50=B55)*($G$5:$G$50<>"")*(($G$5:$G$50-F55)^2))/(C55-1))) | H55: =IF(OR(D55="",D$54=""),"",D$54-D55) | I55: =IF(OR(F55="",F$54=""),"",F$54-F55)
A56: C1 | B56: lab | C56: =COUNTIFS($A$5:$A$50,A56,$C$5:$C$50,B56,$D$5:$D$50,"<>") | D56: =IF(C56=0,"",AVERAGEIFS($D$5:$D$50,$A$5:$A$50,A56,$C$5:$C$50,B56)) | E56: =IF(C56<2,"",SQRT(SUMPRODUCT(($A$5:$A$50=A56)*($C$5:$C$50=B56)*($D$5:$D$50<>"")*(($D$5:$D$50-D56)^2))/(C56-1))) | F56: =IF(C56=0,"",AVERAGEIFS($G$5:$G$50,$A$5:$A$50,A56,$C$5:$C$50,B56)) | G56: =IF(C56<2,"",SQRT(SUMPRODUCT(($A$5:$A$50=A56)*($C$5:$C$50=B56)*($G$5:$G$50<>"")*(($G$5:$G$50-F56)^2))/(C56-1))) | H56: =IF(OR(D56="",D$54=""),"",D$54-D56) | I56: =IF(OR(F56="",F$54=""),"",F$54-F56)
A57: C2 | B57: lab | C57: =COUNTIFS($A$5:$A$50,A57,$C$5:$C$50,B57,$D$5:$D$50,"<>") | D57: =IF(C57=0,"",AVERAGEIFS($D$5:$D$50,$A$5:$A$50,A57,$C$5:$C$50,B57)) | E57: =IF(C57<2,"",SQRT(SUMPRODUCT(($A$5:$A$50=A57)*($C$5:$C$50=B57)*($D$5:$D$50<>"")*(($D$5:$D$50-D57)^2))/(C57-1))) | F57: =IF(C57=0,"",AVERAGEIFS($G$5:$G$50,$A$5:$A$50,A57,$C$5:$C$50,B57)) | G57: =IF(C57<2,"",SQRT(SUMPRODUCT(($A$5:$A$50=A57)*($C$5:$C$50=B57)*($G$5:$G$50<>"")*(($G$5:$G$50-F57)^2))/(C57-1))) | H57: =IF(OR(D57="",D$54=""),"",D$54-D57) | I57: =IF(OR(F57="",F$54=""),"",F$54-F57)
A58: unlearned | B58: field | C58: =COUNTIFS($A$5:$A$50,A58,$C$5:$C$50,B58,$D$5:$D$50,"<>") | D58: =IF(C58=0,"",AVERAGEIFS($D$5:$D$50,$A$5:$A$50,A58,$C$5:$C$50,B58)) | E58: =IF(C58<2,"",SQRT(SUMPRODUCT(($A$5:$A$50=A58)*($C$5:$C$50=B58)*($D$5:$D$50<>"")*(($D$5:$D$50-D58)^2))/(C58-1))) | F58: =IF(C58=0,"",AVERAGEIFS($G$5:$G$50,$A$5:$A$50,A58,$C$5:$C$50,B58)) | G58: =IF(C58<2,"",SQRT(SUMPRODUCT(($A$5:$A$50=A58)*($C$5:$C$50=B58)*($G$5:$G$50<>"")*(($G$5:$G$50-F58)^2))/(C58-1))) | H58: (ref) | I58: (ref)
A59: original | B59: field | C59: =COUNTIFS($A$5:$A$50,A59,$C$5:$C$50,B59,$D$5:$D$50,"<>") | D59: =IF(C59=0,"",AVERAGEIFS($D$5:$D$50,$A$5:$A$50,A59,$C$5:$C$50,B59)) | E59: =IF(C59<2,"",SQRT(SUMPRODUCT(($A$5:$A$50=A59)*($C$5:$C$50=B59)*($D$5:$D$50<>"")*(($D$5:$D$50-D59)^2))/(C59-1))) | F59: =IF(C59=0,"",AVERAGEIFS($G$5:$G$50,$A$5:$A$50,A59,$C$5:$C$50,B59)) | G59: =IF(C59<2,"",SQRT(SUMPRODUCT(($A$5:$A$50=A59)*($C$5:$C$50=B59)*($G$5:$G$50<>"")*(($G$5:$G$50-F59)^2))/(C59-1))) | H59: =IF(OR(D59="",D$58=""),"",D$58-D59) | I59: =IF(OR(F59="",F$58=""),"",F$58-F59)
A60: C1 | B60: field | C60: =COUNTIFS($A$5:$A$50,A60,$C$5:$C$50,B60,$D$5:$D$50,"<>") | D60: =IF(C60=0,"",AVERAGEIFS($D$5:$D$50,$A$5:$A$50,A60,$C$5:$C$50,B60)) | E60: =IF(C60<2,"",SQRT(SUMPRODUCT(($A$5:$A$50=A60)*($C$5:$C$50=B60)*($D$5:$D$50<>"")*(($D$5:$D$50-D60)^2))/(C60-1))) | F60: =IF(C60=0,"",AVERAGEIFS($G$5:$G$50,$A$5:$A$50,A60,$C$5:$C$50,B60)) | G60: =IF(C60<2,"",SQRT(SUMPRODUCT(($A$5:$A$50=A60)*($C$5:$C$50=B60)*($G$5:$G$50<>"")*(($G$5:$G$50-F60)^2))/(C60-1))) | H60: =IF(OR(D60="",D$58=""),"",D$58-D60) | I60: =IF(OR(F60="",F$58=""),"",F$58-F60)
A61: C2 | B61: field | C61: =COUNTIFS($A$5:$A$50,A61,$C$5:$C$50,B61,$D$5:$D$50,"<>") | D61: =IF(C61=0,"",AVERAGEIFS($D$5:$D$50,$A$5:$A$50,A61,$C$5:$C$50,B61)) | E61: =IF(C61<2,"",SQRT(SUMPRODUCT(($A$5:$A$50=A61)*($C$5:$C$50=B61)*($D$5:$D$50<>"")*(($D$5:$D$50-D61)^2))/(C61-1))) | F61: =IF(C61=0,"",AVERAGEIFS($G$5:$G$50,$A$5:$A$50,A61,$C$5:$C$50,B61)) | G61: =IF(C61<2,"",SQRT(SUMPRODUCT(($A$5:$A$50=A61)*($C$5:$C$50=B61)*($G$5:$G$50<>"")*(($G$5:$G$50-F61)^2))/(C61-1))) | H61: =IF(OR(D61="",D$58=""),"",D$58-D61) | I61: =IF(OR(F61="",F$58=""),"",F$58-F61)
A62: SD = sample SD (n−1). paired t-test / p-value: python3 experiments/seed_stats.py --csv results_seeds.csv --ref unlearned

Sheet Decisions
A1: เรื่องที่ต้องตัดสินใจ
A3: # | B3: เรื่อง | C3: ทางเลือก | D3: แนะนำ | E3: ตัดสินใจ | F3: วันที่ | G3: Status
A4: D1 | B4: C2 pre-train OOM (bs 16 ไม่พอ GPU 11 GB) | C4: (1) รันบนเครื่อง 28 / 3090 Ti 24 GB เหมือนต้นฉบับ (2) bs 8 บนเครื่อง 29 — ต่างจาก unlearned ต้องรายงาน (3) bs 8 + gradient accumulation (effective 16) | D4: (1) ถ้าเข้าเครื่อง 28 ได้ | E4: (1) เครื่อง 28 bs 16 (หยุด llama-server ชั่วคราว) | F4: 2026-10-02 | G4: เสร็จ
A5: D2 | B5: วิธี compute-match ของ C1 (ตัดสินแล้ว: cap 600 ep, 10-06) | C5: (1) GPU time จาก TensorBoard log (2) cap epoch (เช่น 600) + กราฟ val_acc vs epoch (3) sample passes = 2,483 ep (~8–9 วัน/seed) | D5: (1) GPU time | G5: รอตัดสินใจ
A6: D4 | B6: GPU 1 เครื่อง 29 พัดลมเสีย | C6: ซ่อม/เปลี่ยนพัดลม · ติดพัดลมเคสชั่วคราว · ส่งเคลม | D6: แจ้งผู้ดูแลเครื่อง | G6: รอตัดสินใจ
A7: D3 | B7: ResNet-152V2 | C7: ทำถ้า GPU ว่างหลัง EfficientNet-B5 เสร็จ | D7: หลัง EffNet-B5 เสร็จ | G7: ยังไม่เริ่ม

Sheet Log
A1: บันทึกเหตุการณ์ / ปัญหาที่เจอ (เพิ่มแถวใหม่ด้านล่าง)
A3: วันที่ | B3: Run ID | C3: เรื่อง | D3: ผล / การแก้ | E3: commit
A4: 2026-10-01 | B4: O1–O3 | C4: original baseline ใน train.py ใช้ tf.keras.applications EfficientNetB5 → rescale 1/255 ซ้ำ 2 ครั้ง; โมเดลเดิมทาย Normal ทุกภาพ (acc 65.4%) | D4: เพิ่ม --effnet_impl efn (efficientnet.tfkeras เหมือน unlearned) — รอยืนยันด้วย S1 | E4: b247a47
A5: 2026-10-01 | B5: O1–O3 | C5: original ใน paper เป็นโมเดล legacy (ModelTrainByImages/R2_1/...) คนละ pipeline | D5: รัน original ใหม่ครบ 3 seeds | E5: b247a47
A6: 2026-10-01 | B6: — | C6: env base (tf 2.3.1) ไม่เห็น GPU และโหลดโมเดล tf 2.6 ไม่ได้ (keepdims) | D6: ใช้ env AI ของ kannika (tf 2.6.2, GPU 2 ตัว) | E6: 6240b0a
A7: 2026-10-01 | B7: — | C7: env AI activate script ใช้ $LD_LIBRARY_PATH → พังภายใต้ set -u | D7: แก้ activate_env ใน _common.sh | E7: a1792b0
A8: 2026-10-01 | B8: U1 | C8: ตรวจ evaluate.py กับโมเดลใน paper | D8: lab 0.8864/0.826/0.710/0.755, field 0.8488/0.212/0.208/0.174 — ตรง Table 3/4
A9: 2026-10-01 | B9: P1 | C9: C2 pre-train OOM ที่ bs 16 (2080 Ti 11 GB); ต้นฉบับเทรนบน 3090 Ti 24 GB | D9: รอ D1
A10: 2026-10-01 | B10: O1 | C10: downstream ~4–5 นาที/epoch, GPU util ~15% (คอขวด data loading) | D10: 1 seed ≈ 1.5 วัน
A11: 2026-10-02 | B11: S1 | C11: smoke test เสร็จ: R2 val_acc 0.692 (> 0.654) | D11: ยืนยันว่าแก้ bug backbone สำเร็จ
A12: 2026-10-02 | B12: O1 | C12: R1 เสร็จ val 0.7195; R2 ep 69/200 val 0.878 — original ไม่ collapse แล้ว | D12: GPU 1 ว่างตั้งแต่ smoke test จบ
A13: 2026-10-02 | B13: U2–U3 | C13: เริ่ม unlearned seed 2 → 3 บน GPU 1 (screen unlearned) | D13: 10:49
A14: 2026-10-02 | B14: U2 | C14: GPU 1 เครื่อง 29 พัดลม 0% ร้อน 93°C (shutdown 94°C) throttle เหลือ ~1/4 ความเร็ว | D14: หยุด U2 ที่ R1 ep 13; ห้ามใช้ GPU 1 จนกว่าจะซ่อม (ASUS RTX 2080 Ti, PCIe 65:00.0)
A15: 2026-10-02 | B15: P1 | C15: C2 pre-train OOM บนเครื่อง 29 ที่ bs 16 และ 8 (bs 4 ได้) | D15: ย้ายไปเครื่อง 28 (3090 Ti) — สร้าง env unlearn26 (tf 2.6.2) ใหม่ | E15: d9176c7
A16: 2026-10-02 | B16: P1 | C16: เครื่อง 28: bs 16 OOM เพราะ llama-server (root, docker 9a041d11a39f) ใช้ 8 GB | D16: ผู้ใช้หยุด container เอง → bs 16 ผ่าน → เริ่ม P1 15:49 · ต้อง sudo docker start 9a041d11a39f หลัง P2 เสร็จ
A17: 2026-10-02 | B17: U2–U3 | C17: copy Traindf/Valdf จาก m29 → m28 (md5 ตรง), ภาพครบ 100% หลังแปลง path | D17: เริ่ม unlearned seed 2 → 3 บน m28 GPU 0 (2080 Ti พัดลมปกติ) 15:57
A18: 2026-10-03 | B18: U2 | C18: unlearned seed 2 บน m28 หยุดเอง 10-02 16:23 (ep 7, ไม่มี error, screen หาย) — น่าจะ RAM เต็มตอนรัน A1 คู่กับ C2 | D18: เริ่มใหม่ 10-03 15:52; ห้ามรันงานวิเคราะห์หนักบน m28
A19: 2026-10-06 | B19: C1 | C19: ตั้ง E_C1 = 600 (cap) และเริ่มคิว C1 seed 1→2→3 บน m29 GPU 0 (queue.sh) | D19: ผล X2 ตอนนี้: lab acc เท่ากัน, macro-F1 unlearned สูงกว่า ~0.015 ทุก seed; field acc ของ unlearned seed 2 (0.736) ไม่ซ้ำ seed 1 (0.849)
A20: 2026-10-05 | B20: O3, U2, P1 | C20: ไฟดับ ทั้งเครื่อง 28 และ 29 รีบูต (~10:05) screen หายหมด | D20: เพิ่ม experiments/resume.sh: ต่อจาก checkpoint ล่าสุด เทรนเฉพาะ epoch ที่เหลือ (เสีย epoch ที่ค้างอยู่ 1 epoch/งาน) · optimizer state เริ่มใหม่ตอน resume
A21: 2026-10-03 | B21: A1–A3 | C21: A1 face metrics, A2 ultrasound stats, A3 flip consistency เสร็จ | D21: ข้อความแก้ paper: experiments/paper_revision/Revision_A1-A5.md
A22: 2026-10-02 | B22: — | C22: ตั้ง SSH key Mac → เครื่อง 29 (แก้ permission ~/.ssh) | D22: Claude เช็คสถานะเองได้

Sheet Settings
A1: ค่าที่ใช้ + คำสั่งที่ใช้บ่อย
A3: รายการ | B3: ค่า | C3: ที่มา
A4: Train / Val | B4: Traindf_fold4_8_v1.csv 4,601 / Valdf_fold3_v1.csv 656 | C4: check_setup.sh
A5: Lab / Field test | B5: Testdf_fold1_2_v1.csv 1,312 / UICCA_DiagRadioExp_AzureDb51Case813Image.csv 807 | C5: check_setup.sh
A6: Unlearn R1 / R2 | B6: 200 ep lr 1e-5 / checkpoint ep 50 lr 1e-6, bs 16, Adam | C6: Excel EffNet-ImageNet_unlearn
A7: Downstream R1 / R2 | B7: 200 ep lr 2e-5 / 200 ep lr 1e-5 (Block5a-B7), bs 8, RMSprop | C7: Excel + train.py
A8: C1 R2 epochs (E_C1) | B8: รอ D2 (sample passes = 2,483) | C8: compute_budget.py
A9: Conda env | B9: /home/kannika/miniconda3/envs/AI (tf 2.6.2) | C9: probe_envs.sh
A10: ผลเก็บที่ | B10: /media/tohn/HDD2/Model_unlearn_2026/ (logs/, results_seeds.csv, predictions/) | C10: config_m29.sh
A11: คำสั่ง: สถานะ | B11: ssh yupaporn@10.177.191.29 'cd ~/codes/USAI2026/Machine-Unlearning-USAI-CCA-2026 && git pull -q && bash experiments/status.sh'
A12: คำสั่ง: ดูหน้าจอ screen | B12: ssh -t yupaporn@10.177.191.29 'screen -r original' (ออก: Ctrl-A แล้ว D)
A13: คำสั่ง: เริ่ม run | B13: ssh yupaporn@10.177.191.29 'cd ~/codes/USAI2026/Machine-Unlearning-USAI-CCA-2026 && screen -dmS NAME bash -c "bash experiments/run_downstream.sh MODEL SEED GPU; exec bash"'
A14: คำสั่ง: evaluate | B14: ssh yupaporn@10.177.191.29 'cd ~/codes/USAI2026/Machine-Unlearning-USAI-CCA-2026 && bash experiments/run_eval.sh MODEL SEED GPU'
